Radius_nm,BetaFactor_mean,BetaFactor_stdev,DistToWall_mean,DistToWall_stdev,ModeVolume_mean,ModeVolume_stdev,PurcellFactor_mean,PurcellFactor_stdev,qFactor_mean,qFactor_stdev,EnergyRatio_mean,EnergyRatio_stdev
2.0,0.9545526720635573,0.001732209747021307,144.01572007860022,5.133620899518729,0.26115211390369086,0.013966855483802764,21.01948799472288,0.8392654411326109,3829.4163069249184,15.455141422183896,98.95458508296315,0.04800499055103541
2.5,0.9502304037261078,0.002871876369190153,160.9008045040226,11.210754905764146,0.3408375289549513,0.015856867511397473,19.137394988915254,1.1653971017639322,4682.642848845539,1.221777834999698,99.22114756939159,0.038145971948916224
3.0,0.946512609959905,0.002456302563871678,161.5808079040393,3.5002853483205723,0.44271851200456913,0.018570356946928594,17.72231394904671,0.859953310767858,5469.747298994976,3.0285937037451305,99.36870327931354,0.02511625302880557
3.5,0.9432327339792679,0.0021452128952500903,164.4933224666119,3.124988624826546,0.5487602708096049,0.021012060178982897,16.63257499463789,0.6665787804486516,6211.332506371583,6.808553435242342,99.46985680332172,0.017741867992627336
4.0,0.9386154347119832,0.0027462101375196374,174.8808744043721,3.695218064746111,0.6545124884086577,0.026366591858979178,15.31523136874266,0.7302702992002329,6906.455986973273,10.216615254725188,99.54994181270004,0.016491521623338442
4.5,0.9354780200633274,0.002461147185343289,178.06870284351407,3.0914583470483943,0.7729271272344715,0.029135198080300722,14.515497454958087,0.5910675839778564,7572.693515038466,14.069232831479274,99.60499134368663,0.012702518580424222
5.0,0.9310418510289935,0.0028512004768973466,179.36464682323395,6.552904272494333,0.8900164905185144,0.03754594194512152,13.521403860244652,0.6005299547201493,8190.708956206729,19.336749453763172,99.65264639484806,0.011961146894653118
